{
  "results": [
    {
      "command": "tzlint (native)",
      "mean": 0.00740280016,
      "stddev": 0.0011418048506690187,
      "median": 0.006818025560000001,
      "user": 0.003505199999999999,
      "system": 0.0024263799999999997,
      "min": 0.006265316560000001,
      "max": 0.008880483560000001,
      "times": [
        0.008351400560000001,
        0.008880483560000001,
        0.006698774560000001,
        0.006818025560000001,
        0.006265316560000001
      ],
      "memory_usage_byte": [
        8355840,
        8355840,
        8355840,
        8355840,
        8355840
      ],
      "exit_codes": [
        0,
        0,
        0,
        0,
        0
      ]
    },
    {
      "command": "textlint",
      "mean": 2.1302147667599995,
      "stddev": 0.06879778740056301,
      "median": 2.09385144156,
      "user": 2.5390943999999998,
      "system": 0.23556777999999995,
      "min": 2.07322919156,
      "max": 2.2373700255599998,
      "times": [
        2.09385144156,
        2.07322919156,
        2.16063006656,
        2.08599310856,
        2.2373700255599998
      ],
      "memory_usage_byte": [
        653361152,
        653361152,
        653361152,
        653361152,
        656605184
      ],
      "exit_codes": [
        0,
        0,
        0,
        0,
        0
      ]
    }
  ]
}
