{
  "results": [
    {
      "command": "tzlint (native)",
      "mean": 0.0077341890799999995,
      "stddev": 0.0006519987862188091,
      "median": 0.0075376804799999995,
      "user": 0.0033076399999999997,
      "system": 0.002146379999999999,
      "min": 0.006885306479999999,
      "max": 0.00846559748,
      "times": [
        0.00746872248,
        0.00831363848,
        0.00846559748,
        0.0075376804799999995,
        0.006885306479999999
      ],
      "memory_usage_byte": [
        8372224,
        8372224,
        8372224,
        8372224,
        8372224
      ],
      "exit_codes": [
        0,
        0,
        0,
        0,
        0
      ]
    },
    {
      "command": "textlint",
      "mean": 1.3122824142799998,
      "stddev": 0.007832951713067632,
      "median": 1.31219422248,
      "user": 1.4150220399999998,
      "system": 0.13509158,
      "min": 1.30228684748,
      "max": 1.3201167224800001,
      "times": [
        1.31979443148,
        1.30701984748,
        1.3201167224800001,
        1.31219422248,
        1.30228684748
      ],
      "memory_usage_byte": [
        326680576,
        326680576,
        326680576,
        326680576,
        326893568
      ],
      "exit_codes": [
        0,
        0,
        0,
        0,
        0
      ]
    }
  ]
}
