{
  "results": [
    {
      "command": "tzlint (native)",
      "mean": 0.006229030119999998,
      "stddev": 0.0004991524572379667,
      "median": 0.005951313319999997,
      "user": 0.0027617799999999997,
      "system": 0.00203224,
      "min": 0.005795813319999997,
      "max": 0.006883438319999997,
      "times": [
        0.005868730319999998,
        0.005795813319999997,
        0.005951313319999997,
        0.006883438319999997,
        0.006645855319999998
      ],
      "memory_usage_byte": [
        8241152,
        8241152,
        8241152,
        8257536,
        8257536
      ],
      "exit_codes": [
        0,
        0,
        0,
        0,
        0
      ]
    },
    {
      "command": "textlint",
      "mean": 0.5852862049199999,
      "stddev": 0.04868075233260909,
      "median": 0.58188060532,
      "user": 0.43549698000000003,
      "system": 0.09203164,
      "min": 0.52891502132,
      "max": 0.6610336463200001,
      "times": [
        0.6610336463200001,
        0.59187393832,
        0.52891502132,
        0.58188060532,
        0.56272781332
      ],
      "memory_usage_byte": [
        167526400,
        169230336,
        169230336,
        169230336,
        169230336
      ],
      "exit_codes": [
        0,
        0,
        0,
        0,
        0
      ]
    }
  ]
}
