{
  "results": [
    {
      "command": "tzlint (native)",
      "mean": 0.0053434942,
      "stddev": 0.0003867790746812705,
      "median": 0.005422119799999999,
      "user": 0.0027613399999999997,
      "system": 0.00185578,
      "min": 0.0048437438000000005,
      "max": 0.0058020358,
      "times": [
        0.005422119799999999,
        0.0058020358,
        0.0055812028,
        0.0050683688,
        0.0048437438000000005
      ],
      "memory_usage_byte": [
        8224768,
        8224768,
        8224768,
        8224768,
        8224768
      ],
      "exit_codes": [
        0,
        0,
        0,
        0,
        0
      ]
    },
    {
      "command": "textlint",
      "mean": 0.8593826443999999,
      "stddev": 0.005193533771739514,
      "median": 0.8578133698,
      "user": 0.9474443399999999,
      "system": 0.16613358,
      "min": 0.8540401198,
      "max": 0.8679046608000001,
      "times": [
        0.8578133698,
        0.8540401198,
        0.8597950778,
        0.8573599938,
        0.8679046608000001
      ],
      "memory_usage_byte": [
        541966336,
        541966336,
        541966336,
        541966336,
        541966336
      ],
      "exit_codes": [
        0,
        0,
        0,
        0,
        0
      ]
    }
  ]
}
