{
  "results": [
    {
      "command": "tzlint (native)",
      "mean": 0.0061489716999999985,
      "stddev": 0.0006409674111039502,
      "median": 0.005742305299999998,
      "user": 0.00273652,
      "system": 0.0018473399999999994,
      "min": 0.005634555299999998,
      "max": 0.006874471299999999,
      "times": [
        0.0068246383,
        0.005668888299999999,
        0.006874471299999999,
        0.005742305299999998,
        0.005634555299999998
      ],
      "memory_usage_byte": [
        8224768,
        8224768,
        8224768,
        8224768,
        8224768
      ],
      "exit_codes": [
        0,
        0,
        0,
        0,
        0
      ]
    },
    {
      "command": "textlint",
      "mean": 23.8285130133,
      "stddev": 0.21322120749419485,
      "median": 23.954637555300003,
      "user": 20.623355319999995,
      "system": 4.37238474,
      "min": 23.5568767633,
      "max": 24.0239676383,
      "times": [
        24.0239676383,
        23.5568767633,
        23.6411995963,
        23.965883513300003,
        23.954637555300003
      ],
      "memory_usage_byte": [
        841924608,
        841924608,
        841924608,
        841924608,
        841924608
      ],
      "exit_codes": [
        0,
        0,
        0,
        0,
        0
      ]
    }
  ]
}
