{
  "results": [
    {
      "command": "tzlint (native)",
      "mean": 0.0057151397999999996,
      "stddev": 0.00017383309024089744,
      "median": 0.0056559146,
      "user": 0.0025632,
      "system": 0.0015515600000000004,
      "min": 0.005552539600000001,
      "max": 0.0059919986,
      "times": [
        0.0059919986,
        0.0057674986,
        0.0056559146,
        0.0056077476,
        0.005552539600000001
      ],
      "memory_usage_byte": [
        8175616,
        8175616,
        8175616,
        8175616,
        8175616
      ],
      "exit_codes": [
        0,
        0,
        0,
        0,
        0
      ]
    },
    {
      "command": "textlint",
      "mean": 50.508913748199994,
      "stddev": 2.6080035101647736,
      "median": 49.6904993316,
      "user": 43.0807418,
      "system": 9.144514759999998,
      "min": 48.9803797476,
      "max": 55.1294506646,
      "times": [
        49.6904993316,
        49.0070529566,
        55.1294506646,
        49.7371860406,
        48.9803797476
      ],
      "memory_usage_byte": [
        924516352,
        924516352,
        950747136,
        950747136,
        950747136
      ],
      "exit_codes": [
        0,
        0,
        0,
        0,
        0
      ]
    }
  ]
}
