{
  "results": [
    {
      "command": "tzlint (preset:ja-technical-writing)",
      "mean": 0.0017097437399999985,
      "stddev": 0.0004082856425008107,
      "median": 0.0014597601399999986,
      "user": 0.00294298,
      "system": 0.00210902,
      "min": 0.0014023021399999988,
      "max": 0.0023593021399999983,
      "times": [
        0.0023593021399999983,
        0.0018681351399999976,
        0.0014597601399999986,
        0.0014023021399999988,
        0.0014592191399999989
      ],
      "memory_usage_byte": [
        8224768,
        8224768,
        8224768,
        8224768,
        8224768
      ],
      "exit_codes": [
        0,
        0,
        0,
        0,
        0
      ]
    },
    {
      "command": "textlint (preset-ja-technical-writing)",
      "mean": 0.81406624414,
      "stddev": 0.02419296035631226,
      "median": 0.8170730111400001,
      "user": 0.7861731799999999,
      "system": 0.18103682,
      "min": 0.7769490521400001,
      "max": 0.84041463514,
      "times": [
        0.7769490521400001,
        0.8286735941400001,
        0.80722092814,
        0.8170730111400001,
        0.84041463514
      ],
      "memory_usage_byte": [
        513523712,
        513523712,
        513523712,
        513523712,
        513523712
      ],
      "exit_codes": [
        0,
        0,
        0,
        0,
        0
      ]
    }
  ]
}
