{
  "results": [
    {
      "command": "tzlint (preset:ja-technical-writing)",
      "mean": 0.0056892168000000016,
      "stddev": 0.00043907437489143,
      "median": 0.005706083400000001,
      "user": 0.0025152599999999996,
      "system": 0.0013843,
      "min": 0.0051976674000000014,
      "max": 0.006303416400000001,
      "times": [
        0.005706083400000001,
        0.0051976674000000014,
        0.0058861664,
        0.0053527504,
        0.006303416400000001
      ],
      "memory_usage_byte": [
        8257536,
        8257536,
        8257536,
        8257536,
        8257536
      ],
      "exit_codes": [
        0,
        0,
        0,
        0,
        0
      ]
    },
    {
      "command": "textlint (preset-ja-technical-writing)",
      "mean": 1.4140609916,
      "stddev": 0.03307782324482881,
      "median": 1.4055401254000002,
      "user": 1.6467382599999998,
      "system": 0.21521570000000004,
      "min": 1.3863730414,
      "max": 1.4676514164,
      "times": [
        1.3893335414,
        1.4214068334,
        1.4055401254000002,
        1.4676514164,
        1.3863730414
      ],
      "memory_usage_byte": [
        659832832,
        659832832,
        659832832,
        659832832,
        659832832
      ],
      "exit_codes": [
        0,
        0,
        0,
        0,
        0
      ]
    }
  ]
}
