{
  "results": [
    {
      "command": "tzlint (preset:ja-technical-writing)",
      "mean": 0.007162857780000001,
      "stddev": 0.0004839335641531802,
      "median": 0.006939790780000001,
      "user": 0.0032347,
      "system": 0.0019775599999999997,
      "min": 0.0067409997800000005,
      "max": 0.007803582780000001,
      "times": [
        0.007803582780000001,
        0.006939790780000001,
        0.006778624780000002,
        0.007551290780000002,
        0.0067409997800000005
      ],
      "memory_usage_byte": [
        8372224,
        8372224,
        8372224,
        8372224,
        8372224
      ],
      "exit_codes": [
        0,
        0,
        0,
        0,
        0
      ]
    },
    {
      "command": "textlint (preset-ja-technical-writing)",
      "mean": 6.896912949180001,
      "stddev": 0.20257902361338645,
      "median": 6.99433579078,
      "user": 7.712354100000001,
      "system": 0.6604515599999999,
      "min": 6.57111233278,
      "max": 7.06990958278,
      "times": [
        6.99433579078,
        6.83226062378,
        7.06990958278,
        7.01694641578,
        6.57111233278
      ],
      "memory_usage_byte": [
        969768960,
        969768960,
        969801728,
        1202044928,
        1214054400
      ],
      "exit_codes": [
        0,
        0,
        0,
        0,
        0
      ]
    }
  ]
}
