{
  "results": [
    {
      "command": "tzlint (preset:ja-technical-writing)",
      "mean": 0.005897580840000002,
      "stddev": 0.000641612732522509,
      "median": 0.0055952638400000015,
      "user": 0.00267274,
      "system": 0.0015792799999999995,
      "min": 0.005339305840000001,
      "max": 0.006928264840000002,
      "times": [
        0.006101347840000002,
        0.006928264840000002,
        0.0055952638400000015,
        0.005523721840000001,
        0.005339305840000001
      ],
      "memory_usage_byte": [
        8241152,
        8241152,
        8241152,
        8241152,
        8241152
      ],
      "exit_codes": [
        0,
        0,
        0,
        0,
        0
      ]
    },
    {
      "command": "textlint (preset-ja-technical-writing)",
      "mean": 1.51409659764,
      "stddev": 0.022851452056887586,
      "median": 1.5241369308400001,
      "user": 1.7436123399999999,
      "system": 0.26773228,
      "min": 1.4835793478400001,
      "max": 1.5342163478400002,
      "times": [
        1.4835793478400001,
        1.5342163478400002,
        1.5241369308400001,
        1.5323275558400002,
        1.49622280584
      ],
      "memory_usage_byte": [
        648544256,
        654491648,
        654491648,
        654491648,
        654491648
      ],
      "exit_codes": [
        0,
        0,
        0,
        0,
        0
      ]
    }
  ]
}
