{
  "results": [
    {
      "command": "tzlint (preset:ja-technical-writing)",
      "mean": 0.00653415326,
      "stddev": 0.0005011352095370071,
      "median": 0.006583878059999999,
      "user": 0.0030353,
      "system": 0.0017986200000000003,
      "min": 0.0059462540599999995,
      "max": 0.0072865030599999995,
      "times": [
        0.0059462540599999995,
        0.0072865030599999995,
        0.006243378059999999,
        0.006583878059999999,
        0.0066107530599999985
      ],
      "memory_usage_byte": [
        8372224,
        8372224,
        8372224,
        8372224,
        8372224
      ],
      "exit_codes": [
        0,
        0,
        0,
        0,
        0
      ]
    },
    {
      "command": "textlint (preset-ja-technical-writing)",
      "mean": 6.7872976114600005,
      "stddev": 0.2513519827286581,
      "median": 6.87468358606,
      "user": 7.5813115,
      "system": 0.63840802,
      "min": 6.44620771206,
      "max": 7.06040800306,
      "times": [
        6.87468358606,
        6.44620771206,
        6.94184275306,
        7.06040800306,
        6.61334600306
      ],
      "memory_usage_byte": [
        1211875328,
        1211875328,
        1211875328,
        1211875328,
        1211875328
      ],
      "exit_codes": [
        0,
        0,
        0,
        0,
        0
      ]
    }
  ]
}
