{
  "results": [
    {
      "command": "tzlint (preset:ja-technical-writing)",
      "mean": 0.005586069980000002,
      "stddev": 0.00020094306120764646,
      "median": 0.005593085980000002,
      "user": 0.002797740000000001,
      "system": 0.0019519399999999999,
      "min": 0.005322336980000002,
      "max": 0.005827419980000002,
      "times": [
        0.005322336980000002,
        0.005827419980000002,
        0.005593085980000002,
        0.005464253980000002,
        0.005723252980000001
      ],
      "memory_usage_byte": [
        8224768,
        8224768,
        8224768,
        8224768,
        8224768
      ],
      "exit_codes": [
        0,
        0,
        0,
        0,
        0
      ]
    },
    {
      "command": "textlint (preset-ja-technical-writing)",
      "mean": 0.84108196978,
      "stddev": 0.007922306543832327,
      "median": 0.84246979498,
      "user": 0.7842681399999998,
      "system": 0.19059114,
      "min": 0.82821433598,
      "max": 0.84753279498,
      "times": [
        0.82821433598,
        0.83976950298,
        0.84742341998,
        0.84246979498,
        0.84753279498
      ],
      "memory_usage_byte": [
        508919808,
        509673472,
        509673472,
        509673472,
        509673472
      ],
      "exit_codes": [
        0,
        0,
        0,
        0,
        0
      ]
    }
  ]
}
