{
  "results": [
    {
      "command": "tzlint (native)",
      "mean": 0.00515936738,
      "stddev": 0.00024344271340461207,
      "median": 0.005211692780000001,
      "user": 0.00260206,
      "system": 0.0016193,
      "min": 0.00481952578,
      "max": 0.005484858780000001,
      "times": [
        0.00521835878,
        0.00481952578,
        0.005211692780000001,
        0.005484858780000001,
        0.00506240078
      ],
      "memory_usage_byte": [
        8175616,
        8175616,
        8175616,
        8175616,
        8175616
      ],
      "exit_codes": [
        0,
        0,
        0,
        0,
        0
      ]
    },
    {
      "command": "textlint",
      "mean": 0.6818153341800001,
      "stddev": 0.020829115201662713,
      "median": 0.68485106778,
      "user": 0.64953646,
      "system": 0.1630015,
      "min": 0.64618935978,
      "max": 0.6972589007800001,
      "times": [
        0.64618935978,
        0.68485106778,
        0.6972589007800001,
        0.68441060878,
        0.69636673378
      ],
      "memory_usage_byte": [
        476233728,
        476233728,
        476233728,
        476233728,
        476577792
      ],
      "exit_codes": [
        0,
        0,
        0,
        0,
        0
      ]
    }
  ]
}
