{
  "results": [
    {
      "command": "tzlint (native)",
      "mean": 0.007086484079999999,
      "stddev": 0.0006359613566888326,
      "median": 0.006746734079999999,
      "user": 0.0030605399999999996,
      "system": 0.0023487999999999994,
      "min": 0.00664015108,
      "max": 0.00815315108,
      "times": [
        0.00815315108,
        0.0071971920799999995,
        0.006746734079999999,
        0.006695192079999999,
        0.00664015108
      ],
      "memory_usage_byte": [
        8224768,
        8224768,
        8224768,
        8224768,
        8224768
      ],
      "exit_codes": [
        0,
        0,
        0,
        0,
        0
      ]
    },
    {
      "command": "textlint",
      "mean": 0.42537705068000004,
      "stddev": 0.010472872571766,
      "median": 0.42694315108,
      "user": 0.25273254,
      "system": 0.0831154,
      "min": 0.41284065008000004,
      "max": 0.44042827608,
      "times": [
        0.41863319208000005,
        0.42803998408000005,
        0.42694315108,
        0.41284065008000004,
        0.44042827608
      ],
      "memory_usage_byte": [
        112672768,
        112672768,
        112672768,
        112672768,
        112672768
      ],
      "exit_codes": [
        0,
        0,
        0,
        0,
        0
      ]
    }
  ]
}
