{
  "results": [
    {
      "command": "tzlint (native)",
      "mean": 0.20353840096,
      "stddev": 0.04350480901692354,
      "median": 0.18723338456,
      "user": 0.29482714000000004,
      "system": 0.026253199999999997,
      "min": 0.17429459256000002,
      "max": 0.27954671756000005,
      "times": [
        0.18723338456,
        0.17809921756,
        0.27954671756000005,
        0.19851809256,
        0.17429459256000002
      ],
      "memory_usage_byte": [
        136151040,
        139689984,
        139689984,
        139689984,
        139689984
      ],
      "exit_codes": [
        0,
        0,
        0,
        0,
        0
      ]
    },
    {
      "command": "tzlint (WASM)",
      "mean": 1.64241322616,
      "stddev": 0.3119462907806789,
      "median": 1.5195735515600002,
      "user": 2.2832955399999997,
      "system": 0.7463559999999999,
      "min": 1.32529621756,
      "max": 2.0392377175600003,
      "times": [
        1.32529621756,
        1.5195735515600002,
        1.4239904675600001,
        1.9039681765600003,
        2.0392377175600003
      ],
      "memory_usage_byte": [
        384925696,
        384925696,
        384925696,
        384925696,
        384925696
      ],
      "exit_codes": [
        0,
        0,
        0,
        0,
        0
      ]
    },
    {
      "command": "textlint",
      "mean": 1.3967902843600002,
      "stddev": 0.19151382115944815,
      "median": 1.3195033845600002,
      "user": 1.6120635399999999,
      "system": 0.1444836,
      "min": 1.2892388005600002,
      "max": 1.7382378425600002,
      "times": [
        1.33113355156,
        1.7382378425600002,
        1.3195033845600002,
        1.3058378425600001,
        1.2892388005600002
      ],
      "memory_usage_byte": [
        384925696,
        384925696,
        384925696,
        384925696,
        384925696
      ],
      "exit_codes": [
        0,
        0,
        0,
        0,
        0
      ]
    }
  ]
}
