{
  "results": [
    {
      "command": "tzlint (native)",
      "mean": 0.1415088171866667,
      "stddev": 0.0010973075480740764,
      "median": 0.14161224752,
      "user": 0.12745804666666666,
      "system": 0.012428866666666665,
      "min": 0.14036345652,
      "max": 0.14255074752000002,
      "times": [
        0.14161224752,
        0.14036345652,
        0.14255074752000002
      ],
      "memory_usage_byte": [
        132169728,
        132169728,
        132169728
      ],
      "exit_codes": [
        0,
        0,
        0
      ]
    },
    {
      "command": "tzlint (WASM)",
      "mean": 0.15834199752,
      "stddev": 0.0003022216219333032,
      "median": 0.15846624752000002,
      "user": 0.14242138,
      "system": 0.015330199999999997,
      "min": 0.15799745552000002,
      "max": 0.15856228952,
      "times": [
        0.15856228952,
        0.15846624752000002,
        0.15799745552000002
      ],
      "memory_usage_byte": [
        146833408,
        146833408,
        146833408
      ],
      "exit_codes": [
        0,
        0,
        0
      ]
    },
    {
      "command": "textlint",
      "mean": 0.37048153918666665,
      "stddev": 0.002978397542452879,
      "median": 0.37042245652,
      "user": 0.26276937999999994,
      "system": 0.05864653333333333,
      "min": 0.36753312252,
      "max": 0.37348903852,
      "times": [
        0.36753312252,
        0.37042245652,
        0.37348903852
      ],
      "memory_usage_byte": [
        146833408,
        146833408,
        146833408
      ],
      "exit_codes": [
        0,
        0,
        0
      ]
    }
  ]
}
