{
  "results": [
    {
      "command": "tzlint (native)",
      "mean": 0.14564457824000002,
      "stddev": 0.0007175385497795153,
      "median": 0.14584557004,
      "user": 0.12903392,
      "system": 0.014434939999999999,
      "min": 0.14468623704000003,
      "max": 0.14632173604,
      "times": [
        0.14624986104,
        0.14511948704000002,
        0.14584557004,
        0.14632173604,
        0.14468623704000003
      ],
      "memory_usage_byte": [
        133185536,
        133185536,
        133185536,
        133185536,
        133185536
      ],
      "exit_codes": [
        0,
        0,
        0,
        0,
        0
      ]
    },
    {
      "command": "tzlint (WASM)",
      "mean": 0.20177933664000003,
      "stddev": 0.07118029475258934,
      "median": 0.16729715304000004,
      "user": 0.14595991999999997,
      "system": 0.020380139999999998,
      "min": 0.16238190404000002,
      "max": 0.32807361104000005,
      "times": [
        0.16238190404000002,
        0.18560861104,
        0.16553540404000003,
        0.16729715304000004,
        0.32807361104000005
      ],
      "memory_usage_byte": [
        146833408,
        146833408,
        146833408,
        147308544,
        147341312
      ],
      "exit_codes": [
        0,
        0,
        0,
        0,
        0
      ]
    },
    {
      "command": "textlint",
      "mean": 0.41950626984,
      "stddev": 0.06260875969698765,
      "median": 0.38685490304000003,
      "user": 0.27764711999999997,
      "system": 0.06651174,
      "min": 0.38358507004000003,
      "max": 0.5295451950400001,
      "times": [
        0.38358507004000003,
        0.38545602804,
        0.38685490304000003,
        0.41209015304,
        0.5295451950400001
      ],
      "memory_usage_byte": [
        147341312,
        147341312,
        147341312,
        147341312,
        147341312
      ],
      "exit_codes": [
        0,
        0,
        0,
        0,
        0
      ]
    }
  ]
}
