{
  "results": [
    {
      "command": "tzlint (native)",
      "mean": 0.17046254834000002,
      "stddev": 0.03015926887000404,
      "median": 0.16582364834,
      "user": 0.15967720000000002,
      "system": 0.01928126,
      "min": 0.14888131534,
      "max": 0.22222814834000001,
      "times": [
        0.16582364834,
        0.22222814834000001,
        0.16620727334,
        0.14917235634,
        0.14888131534
      ],
      "memory_usage_byte": [
        133185536,
        133185536,
        134905856,
        137773056,
        137773056
      ],
      "exit_codes": [
        0,
        0,
        0,
        0,
        0
      ]
    },
    {
      "command": "tzlint (WASM)",
      "mean": 0.24088853993999998,
      "stddev": 0.008918611789888162,
      "median": 0.23630564834,
      "user": 0.36652499999999993,
      "system": 0.07292486,
      "min": 0.23226335734,
      "max": 0.25097956534,
      "times": [
        0.25006556434,
        0.23482856434000002,
        0.25097956534,
        0.23630564834,
        0.23226335734
      ],
      "memory_usage_byte": [
        207044608,
        208732160,
        212025344,
        212025344,
        212025344
      ],
      "exit_codes": [
        0,
        0,
        0,
        0,
        0
      ]
    },
    {
      "command": "textlint",
      "mean": 0.5163994483400001,
      "stddev": 0.03925262128389497,
      "median": 0.50296956534,
      "user": 0.46165399999999995,
      "system": 0.07799165999999999,
      "min": 0.48879139834,
      "max": 0.5850657733400001,
      "times": [
        0.5850657733400001,
        0.50296956534,
        0.49471827334,
        0.5104522313400001,
        0.48879139834
      ],
      "memory_usage_byte": [
        212025344,
        212025344,
        212025344,
        212025344,
        212025344
      ],
      "exit_codes": [
        0,
        0,
        0,
        0,
        0
      ]
    }
  ]
}
