{
  "results": [
    {
      "command": "tzlint (native)",
      "mean": 0.14550168921333334,
      "stddev": 0.001000039312234449,
      "median": 0.14546235588,
      "user": 0.16491181333333332,
      "system": 0.016050753333333334,
      "min": 0.14452189688,
      "max": 0.14652081488000002,
      "times": [
        0.14546235588,
        0.14452189688,
        0.14652081488000002
      ],
      "memory_usage_byte": [
        135593984,
        135593984,
        136052736
      ],
      "exit_codes": [
        0,
        0,
        0
      ]
    },
    {
      "command": "tzlint (WASM)",
      "mean": 0.23886768921333335,
      "stddev": 0.018514709541280962,
      "median": 0.23480302188000002,
      "user": 0.2859398133333333,
      "system": 0.06729275333333333,
      "min": 0.22272302288,
      "max": 0.25907702288,
      "times": [
        0.22272302288,
        0.25907702288,
        0.23480302188000002
      ],
      "memory_usage_byte": [
        203653120,
        203653120,
        208535552
      ],
      "exit_codes": [
        0,
        0,
        0
      ]
    },
    {
      "command": "textlint",
      "mean": 0.4840900778800001,
      "stddev": 0.004005923953658003,
      "median": 0.48616018888000007,
      "user": 0.45553847999999997,
      "system": 0.07158108666666665,
      "min": 0.47947264788000005,
      "max": 0.48663739688,
      "times": [
        0.48663739688,
        0.48616018888000007,
        0.47947264788000005
      ],
      "memory_usage_byte": [
        208535552,
        208535552,
        208535552
      ],
      "exit_codes": [
        0,
        0,
        0
      ]
    }
  ]
}
