{
  "results": [
    {
      "command": "tzlint (native)",
      "mean": 0.6836836297200001,
      "stddev": null,
      "median": 0.6836836297200001,
      "user": 0.48783464,
      "system": 0.07717064,
      "min": 0.6836836297200001,
      "max": 0.6836836297200001,
      "times": [
        0.6836836297200001
      ],
      "memory_usage_byte": [
        251904000
      ],
      "exit_codes": [
        0
      ]
    },
    {
      "command": "tzlint (WASM)",
      "mean": 76.13404554672,
      "stddev": null,
      "median": 76.13404554672,
      "user": 75.35850364,
      "system": 0.36271664,
      "min": 76.13404554672,
      "max": 76.13404554672,
      "times": [
        76.13404554672
      ],
      "memory_usage_byte": [
        263618560
      ],
      "exit_codes": [
        0
      ]
    },
    {
      "command": "textlint",
      "mean": 28.46457933872,
      "stddev": null,
      "median": 28.46457933872,
      "user": 22.48289264,
      "system": 6.92055464,
      "min": 28.46457933872,
      "max": 28.46457933872,
      "times": [
        28.46457933872
      ],
      "memory_usage_byte": [
        840056832
      ],
      "exit_codes": [
        0
      ]
    }
  ]
}
