{
  "results": [
    {
      "command": "tzlint (native)",
      "mean": 0.5270159009000001,
      "stddev": null,
      "median": 0.5270159009000001,
      "user": 0.48279727999999994,
      "system": 0.042748499999999995,
      "min": 0.5270159009000001,
      "max": 0.5270159009000001,
      "times": [
        0.5270159009000001
      ],
      "memory_usage_byte": [
        246890496
      ],
      "exit_codes": [
        0
      ]
    },
    {
      "command": "tzlint (WASM)",
      "mean": 106.4118551509,
      "stddev": null,
      "median": 106.4118551509,
      "user": 104.42115627999999,
      "system": 0.4947245,
      "min": 106.4118551509,
      "max": 106.4118551509,
      "times": [
        106.4118551509
      ],
      "memory_usage_byte": [
        266272768
      ],
      "exit_codes": [
        0
      ]
    },
    {
      "command": "textlint",
      "mean": 29.5602138589,
      "stddev": null,
      "median": 29.5602138589,
      "user": 22.76997128,
      "system": 7.016799499999999,
      "min": 29.5602138589,
      "max": 29.5602138589,
      "times": [
        29.5602138589
      ],
      "memory_usage_byte": [
        768491520
      ],
      "exit_codes": [
        0
      ]
    }
  ]
}
