{
  "results": [
    {
      "command": "tzlint (native)",
      "mean": 0.61670464966,
      "stddev": null,
      "median": 0.61670464966,
      "user": 0.49041342,
      "system": 0.0687725,
      "min": 0.61670464966,
      "max": 0.61670464966,
      "times": [
        0.61670464966
      ],
      "memory_usage_byte": [
        249266176
      ],
      "exit_codes": [
        0
      ]
    },
    {
      "command": "tzlint (WASM)",
      "mean": 0.7847130666600001,
      "stddev": null,
      "median": 0.7847130666600001,
      "user": 0.71202542,
      "system": 0.0697135,
      "min": 0.7847130666600001,
      "max": 0.7847130666600001,
      "times": [
        0.7847130666600001
      ],
      "memory_usage_byte": [
        258818048
      ],
      "exit_codes": [
        0
      ]
    },
    {
      "command": "textlint",
      "mean": 28.81537048366,
      "stddev": null,
      "median": 28.81537048366,
      "user": 22.58800442,
      "system": 7.085418499999999,
      "min": 28.81537048366,
      "max": 28.81537048366,
      "times": [
        28.81537048366
      ],
      "memory_usage_byte": [
        839778304
      ],
      "exit_codes": [
        0
      ]
    }
  ]
}
