{
  "results": [
    {
      "command": "tzlint (native)",
      "mean": 0.17071087676000005,
      "stddev": 0.002334010715530889,
      "median": 0.17035726576000002,
      "user": 0.3100581533333333,
      "system": 0.024142999999999998,
      "min": 0.16857384876000003,
      "max": 0.17320151576000004,
      "times": [
        0.17320151576000004,
        0.16857384876000003,
        0.17035726576000002
      ],
      "memory_usage_byte": [
        137543680,
        137543680,
        137838592
      ],
      "exit_codes": [
        0,
        0,
        0
      ]
    },
    {
      "command": "tzlint (WASM)",
      "mean": 1.0999178074266667,
      "stddev": 0.07684704919374896,
      "median": 1.08556101576,
      "user": 1.6376424866666666,
      "system": 0.6632936666666667,
      "min": 1.03126164076,
      "max": 1.1829307657600001,
      "times": [
        1.1829307657600001,
        1.03126164076,
        1.08556101576
      ],
      "memory_usage_byte": [
        227147776,
        385712128,
        385712128
      ],
      "exit_codes": [
        0,
        0,
        0
      ]
    },
    {
      "command": "textlint",
      "mean": 1.3192286684266668,
      "stddev": 0.03800713603030457,
      "median": 1.30149839076,
      "user": 1.54902582,
      "system": 0.13520633333333332,
      "min": 1.29332643276,
      "max": 1.36286118176,
      "times": [
        1.36286118176,
        1.30149839076,
        1.29332643276
      ],
      "memory_usage_byte": [
        385712128,
        385712128,
        385712128
      ],
      "exit_codes": [
        0,
        0,
        0
      ]
    }
  ]
}
