{
  "results": [
    {
      "command": "tzlint (native)",
      "mean": 0.14828292182,
      "stddev": 0.002216332043439179,
      "median": 0.14778219742,
      "user": 0.15420799999999998,
      "system": 0.01734674,
      "min": 0.14650132142,
      "max": 0.15190078042,
      "times": [
        0.14655615542,
        0.14867415442,
        0.15190078042,
        0.14650132142,
        0.14778219742
      ],
      "memory_usage_byte": [
        136953856,
        136953856,
        136953856,
        136953856,
        136953856
      ],
      "exit_codes": [
        0,
        0,
        0,
        0,
        0
      ]
    },
    {
      "command": "tzlint (WASM)",
      "mean": 0.33900117162,
      "stddev": 0.05805203835174648,
      "median": 0.32031344642000004,
      "user": 0.3509884,
      "system": 0.09641113999999998,
      "min": 0.29382123842,
      "max": 0.43982865442,
      "times": [
        0.30955532142000003,
        0.33148719742,
        0.32031344642000004,
        0.43982865442,
        0.29382123842
      ],
      "memory_usage_byte": [
        208502784,
        208502784,
        208502784,
        208502784,
        208502784
      ],
      "exit_codes": [
        0,
        0,
        0,
        0,
        0
      ]
    },
    {
      "command": "textlint",
      "mean": 0.6552958882200002,
      "stddev": 0.1657745138609271,
      "median": 0.5737627804200001,
      "user": 0.5278376,
      "system": 0.10245713999999999,
      "min": 0.5238515304200001,
      "max": 0.9227956544200001,
      "times": [
        0.70852394642,
        0.9227956544200001,
        0.5238515304200001,
        0.5475455294200001,
        0.5737627804200001
      ],
      "memory_usage_byte": [
        208502784,
        208502784,
        208502784,
        208502784,
        208502784
      ],
      "exit_codes": [
        0,
        0,
        0,
        0,
        0
      ]
    }
  ]
}
