{
  "results": [
    {
      "command": "tzlint (native)",
      "mean": 0.14449856032000002,
      "stddev": 0.0013029576193462694,
      "median": 0.14468171032000002,
      "user": 0.12882586,
      "system": 0.014773719999999999,
      "min": 0.14244246032000002,
      "max": 0.14602621032000002,
      "times": [
        0.14493233532000002,
        0.14244246032000002,
        0.14441008532000002,
        0.14602621032000002,
        0.14468171032000002
      ],
      "memory_usage_byte": [
        132136960,
        132694016,
        132694016,
        132694016,
        132694016
      ],
      "exit_codes": [
        0,
        0,
        0,
        0,
        0
      ]
    },
    {
      "command": "tzlint (WASM)",
      "mean": 0.18349742652,
      "stddev": 0.032157644274444584,
      "median": 0.17266321032,
      "user": 0.15094486000000001,
      "system": 0.01954412,
      "min": 0.16473137632,
      "max": 0.24063745932000002,
      "times": [
        0.16635791832000002,
        0.17266321032,
        0.17309716832000002,
        0.24063745932000002,
        0.16473137632
      ],
      "memory_usage_byte": [
        147324928,
        147324928,
        147324928,
        147324928,
        147324928
      ],
      "exit_codes": [
        0,
        0,
        0,
        0,
        0
      ]
    },
    {
      "command": "textlint",
      "mean": 0.39509908492,
      "stddev": 0.028010050514534195,
      "median": 0.39021104332,
      "user": 0.27337446,
      "system": 0.06464752,
      "min": 0.36849433432,
      "max": 0.44257370932,
      "times": [
        0.39064346032,
        0.36849433432,
        0.38357287732,
        0.39021104332,
        0.44257370932
      ],
      "memory_usage_byte": [
        147324928,
        147324928,
        147324928,
        147324928,
        147324928
      ],
      "exit_codes": [
        0,
        0,
        0,
        0,
        0
      ]
    }
  ]
}
