{
  "results": [
    {
      "command": "tzlint (native)",
      "mean": 0.22791353924000002,
      "stddev": 0.1260397474396284,
      "median": 0.17395333924,
      "user": 0.31013877999999995,
      "system": 0.03274402,
      "min": 0.16588221424000002,
      "max": 0.45316283924,
      "times": [
        0.16588221424000002,
        0.16701546424000002,
        0.45316283924,
        0.17395333924,
        0.17955383924
      ],
      "memory_usage_byte": [
        137986048,
        137986048,
        137986048,
        137986048,
        137986048
      ],
      "exit_codes": [
        0,
        0,
        0,
        0,
        0
      ]
    },
    {
      "command": "tzlint (WASM)",
      "mean": 1.21340528904,
      "stddev": 0.0763181233839491,
      "median": 1.22538250524,
      "user": 2.40637478,
      "system": 0.6788762199999999,
      "min": 1.09859988024,
      "max": 1.3121202972400001,
      "times": [
        1.3121202972400001,
        1.20495054824,
        1.09859988024,
        1.22538250524,
        1.2259732142400002
      ],
      "memory_usage_byte": [
        218611712,
        222068736,
        222068736,
        222068736,
        222068736
      ],
      "exit_codes": [
        0,
        0,
        0,
        0,
        0
      ]
    },
    {
      "command": "textlint",
      "mean": 1.30185437244,
      "stddev": 0.034675555362992605,
      "median": 1.3147536722400002,
      "user": 1.53801718,
      "system": 0.12948462,
      "min": 1.2602549232400002,
      "max": 1.3339787142400001,
      "times": [
        1.2602549232400002,
        1.3339787142400001,
        1.3147536722400002,
        1.33075954724,
        1.2695250052400002
      ],
      "memory_usage_byte": [
        333873152,
        333873152,
        333873152,
        333873152,
        333873152
      ],
      "exit_codes": [
        0,
        0,
        0,
        0,
        0
      ]
    }
  ]
}
